Workbook
Name Slicer_Category: #N/A
Name Slicer_City: #N/A
Name Slicer_Month: #N/A

Sheet Analysis
A1: SALES PERFORMANCE DASHBOARD
A5: Row Labels | B5: Sum of Sales | E5: Row Labels | F5: Sum of Sales | I5: Row Labels | J5: Sum of Sales | M5: Row Labels | N5: Sum of Sales
A6: Clothing | B6: 1379000 | E6: Ahmedabad | F6: 1974100 | I6: Jan | J6: 1425700 | M6: Laptop | N6: 6050000
A7: Electronics | B7: 11245000 | E7: Bangalore | F7: 3206100 | I7: Feb | J7: 2081200 | M7: Sofa | N7: 4125000
A8: Furniture | B8: 5714000 | E8: Chennai | F8: 1100200 | I8: Mar | J8: 1569700 | M8: Mobile | N8: 2660000
A9: Grand Total | B9: 18338000 | E9: Delhi | F9: 2607300 | I9: Apr | J9: 1484600 | M9: Tablet | N9: 2535000
E10: Hyderabad | F10: 979100 | I10: May | J10: 1420700 | M10: Table | N10: 1127000
E11: Jaipur | F11: 840900 | I11: Jun | J11: 1532500 | M11: Grand Total | N11: 16497000
E12: Kolkata | F12: 1661800 | I12: Jul | J12: 2309200
E13: Lucknow | F13: 2811700 | I13: Aug | J13: 1423100
E14: Mumbai | F14: 1896800 | I14: Sep | J14: 809700
E15: Pune | F15: 1260000 | I15: Oct | J15: 1787800
E16: Grand Total | F16: 18338000 | I16: Nov | J16: 1452700
I17: Dec | J17: 1041100
I18: Grand Total | J18: 18338000
A23: =SUM(Salesdata[Sales]) -> 18338000 | F23: =COUNTA(Salesdata[Order ID]) -> 500 | K23: =SUM(Salesdata[Sales])/COUNTA(Salesdata[Order ID]) -> 36676 | P23: =SUM(Salesdata[Quantity]) -> 1487
A46: Insights: • Electronics contributes highest revenue share • Bangalore and Mumbai are top-performing cities • Sales peak during mid-year months

Sheet Customers
A1: Customer ID | B1: Customer Name | C1: City
A2: C101 | B2: Amit Verma | C2: Lucknow
A3: C102 | B3: Priya Kapoor | C3: Pune
A4: C103 | B4: Priya Kapoor | C4: Jaipur
A5: C104 | B5: Sneha Iyer | C5: Chennai
A6: C105 | B6: Pooja Jain | C6: Pune
A7: C106 | B7: Rahul Sharma | C7: Hyderabad
A8: C107 | B8: Pooja Jain | C8: Hyderabad
A9: C108 | B9: Komal Gupta | C9: Bangalore
A10: C109 | B10: Tanya Sethi | C10: Kolkata
A11: C110 | B11: Arjun Malhotra | C11: Ahmedabad
A12: C111 | B12: Sejal Shah | C12: Chennai
... A101: C200 | B101: Ravi Patel | C101: Jaipur

Sheet Products
A1: Product ID | B1: Product Name | C1: Category | D1: Price
A2: P201 | B2: Laptop | C2: Electronics | D2: 50000
A3: P202 | B3: Mobile | C3: Electronics | D3: 20000
A4: P203 | B4: Tablet | C4: Electronics | D4: 15000
A5: P204 | B5: Chair | C5: Furniture | D5: 3000
A6: P205 | B6: Table | C6: Furniture | D6: 7000
A7: P206 | B7: Sofa | C7: Furniture | D7: 25000
A8: P207 | B8: T-Shirt | C8: Clothing | D8: 1500
A9: P208 | B9: Jeans | C9: Clothing | D9: 2500
A10: P209 | B10: Shirt | C10: Clothing | D10: 1800
A11: P210 | B11: Shoes | C11: Clothing | D11: 3500

Sheet Orders
A1: Order ID | B1: Date | C1: Customer ID | D1: Product ID | E1: Quantity | F1: City | G1: Category | H1: Price | I1: Month | J1: Sales | K1: Customer Name | L1: Product Name
A2: 1001 | B2: 12-Nov-2024 | C2: C123 | D2: P206 | E2: 2 | F2: =_xlfn.XLOOKUP(C2,Customers!A:A,Customers!C:C,"MISSING") -> Ahmedabad | G2: =_xlfn.XLOOKUP(D2,Products!A:A,Products!C:C,"MISSING") -> Furniture | H2: =_xlfn.XLOOKUP(D2,Products!A:A,Products!D:D,"MISSING") -> 25000 | I2: =TEXT(B2,"mmm") -> Nov | J2: =E2*H2 -> 50000 | K2: =_xlfn.XLOOKUP(C2,Customers!A:A,Customers!B:B,"MISSING") -> Ravi Patel | L2: =_xlfn.XLOOKUP(D2,Products!A:A,Products!B:B,"MISSING") -> Sofa
A3: 1002 | B3: 05-Jan-2024 | C3: C113 | D3: P208 | E3: 1 | F3: =_xlfn.XLOOKUP(C3,Customers!A:A,Customers!C:C,"MISSING") -> Ahmedabad | G3: =_xlfn.XLOOKUP(D3,Products!A:A,Products!C:C,"MISSING") -> Clothing | H3: =_xlfn.XLOOKUP(D3,Products!A:A,Products!D:D,"MISSING") -> 2500 | I3: =TEXT(B3,"mmm") -> Jan | J3: =E3*H3 -> 2500 | K3: =_xlfn.XLOOKUP(C3,Customers!A:A,Customers!B:B,"MISSING") -> Priya Kapoor | L3: =_xlfn.XLOOKUP(D3,Products!A:A,Products!B:B,"MISSING") -> Jeans
A4: 1003 | B4: 19-Dec-2024 | C4: C192 | D4: P209 | E4: 4 | F4: =_xlfn.XLOOKUP(C4,Customers!A:A,Customers!C:C,"MISSING") -> Lucknow | G4: =_xlfn.XLOOKUP(D4,Products!A:A,Products!C:C,"MISSING") -> Clothing | H4: =_xlfn.XLOOKUP(D4,Products!A:A,Products!D:D,"MISSING") -> 1800 | I4: =TEXT(B4,"mmm") -> Dec | J4: =E4*H4 -> 7200 | K4: =_xlfn.XLOOKUP(C4,Customers!A:A,Customers!B:B,"MISSING") -> Tanya Sethi | L4: =_xlfn.XLOOKUP(D4,Products!A:A,Products!B:B,"MISSING") -> Shirt
A5: 1004 | B5: 29-May-2024 | C5: C175 | D5: P203 | E5: 4 | F5: =_xlfn.XLOOKUP(C5,Customers!A:A,Customers!C:C,"MISSING") -> Bangalore | G5: =_xlfn.XLOOKUP(D5,Products!A:A,Products!C:C,"MISSING") -> Electronics | H5: =_xlfn.XLOOKUP(D5,Products!A:A,Products!D:D,"MISSING") -> 15000 | I5: =TEXT(B5,"mmm") -> May | J5: =E5*H5 -> 60000 | K5: =_xlfn.XLOOKUP(C5,Customers!A:A,Customers!B:B,"MISSING") -> Meera Kulkarni | L5: =_xlfn.XLOOKUP(D5,Products!A:A,Products!B:B,"MISSING") -> Tablet
A6: 1005 | B6: 19-Mar-2024 | C6: C138 | D6: P210 | E6: 2 | F6: =_xlfn.XLOOKUP(C6,Customers!A:A,Customers!C:C,"MISSING") -> Mumbai | G6: =_xlfn.XLOOKUP(D6,Products!A:A,Products!C:C,"MISSING") -> Clothing | H6: =_xlfn.XLOOKUP(D6,Products!A:A,Products!D:D,"MISSING") -> 3500 | I6: =TEXT(B6,"mmm") -> Mar | J6: =E6*H6 -> 7000 | K6: =_xlfn.XLOOKUP(C6,Customers!A:A,Customers!B:B,"MISSING") -> Nitin Joshi | L6: =_xlfn.XLOOKUP(D6,Products!A:A,Products!B:B,"MISSING") -> Shoes
A7: 1006 | B7: 30-Apr-2024 | C7: C154 | D7: P204 | E7: 5 | F7: =_xlfn.XLOOKUP(C7,Customers!A:A,Customers!C:C,"MISSING") -> Mumbai | G7: =_xlfn.XLOOKUP(D7,Products!A:A,Products!C:C,"MISSING") -> Furniture | H7: =_xlfn.XLOOKUP(D7,Products!A:A,Products!D:D,"MISSING") -> 3000 | I7: =TEXT(B7,"mmm") -> Apr | J7: =E7*H7 -> 15000 | K7: =_xlfn.XLOOKUP(C7,Customers!A:A,Customers!B:B,"MISSING") -> Manav Arora | L7: =_xlfn.XLOOKUP(D7,Products!A:A,Products!B:B,"MISSING") -> Chair
A8: 1007 | B8: 23-Jan-2024 | C8: C193 | D8: P207 | E8: 1 | F8: =_xlfn.XLOOKUP(C8,Customers!A:A,Customers!C:C,"MISSING") -> Pune | G8: =_xlfn.XLOOKUP(D8,Products!A:A,Products!C:C,"MISSING") -> Clothing | H8: =_xlfn.XLOOKUP(D8,Products!A:A,Products!D:D,"MISSING") -> 1500 | I8: =TEXT(B8,"mmm") -> Jan | J8: =E8*H8 -> 1500 | K8: =_xlfn.XLOOKUP(C8,Customers!A:A,Customers!B:B,"MISSING") -> Sneha Iyer | L8: =_xlfn.XLOOKUP(D8,Products!A:A,Products!B:B,"MISSING") -> T-Shirt
A9: 1008 | B9: 29-Jul-2024 | C9: C109 | D9: P208 | E9: 5 | F9: =_xlfn.XLOOKUP(C9,Customers!A:A,Customers!C:C,"MISSING") -> Kolkata | G9: =_xlfn.XLOOKUP(D9,Products!A:A,Products!C:C,"MISSING") -> Clothing | H9: =_xlfn.XLOOKUP(D9,Products!A:A,Products!D:D,"MISSING") -> 2500 | I9: =TEXT(B9,"mmm") -> Jul | J9: =E9*H9 -> 12500 | K9: =_xlfn.XLOOKUP(C9,Customers!A:A,Customers!B:B,"MISSING") -> Tanya Sethi | L9: =_xlfn.XLOOKUP(D9,Products!A:A,Products!B:B,"MISSING") -> Jeans
A10: 1009 | B10: 18-May-2024 | C10: C193 | D10: P208 | E10: 4 | F10: =_xlfn.XLOOKUP(C10,Customers!A:A,Customers!C:C,"MISSING") -> Pune | G10: =_xlfn.XLOOKUP(D10,Products!A:A,Products!C:C,"MISSING") -> Clothing | H10: =_xlfn.XLOOKUP(D10,Products!A:A,Products!D:D,"MISSING") -> 2500 | I10: =TEXT(B10,"mmm") -> May | J10: =E10*H10 -> 10000 | K10: =_xlfn.XLOOKUP(C10,Customers!A:A,Customers!B:B,"MISSING") -> Sneha Iyer | L10: =_xlfn.XLOOKUP(D10,Products!A:A,Products!B:B,"MISSING") -> Jeans
A11: 1010 | B11: 14-Aug-2024 | C11: C169 | D11: P202 | E11: 2 | F11: =_xlfn.XLOOKUP(C11,Customers!A:A,Customers!C:C,"MISSING") -> Pune | G11: =_xlfn.XLOOKUP(D11,Products!A:A,Products!C:C,"MISSING") -> Electronics | H11: =_xlfn.XLOOKUP(D11,Products!A:A,Products!D:D,"MISSING") -> 20000 | I11: =TEXT(B11,"mmm") -> Aug | J11: =E11*H11 -> 40000 | K11: =_xlfn.XLOOKUP(C11,Customers!A:A,Customers!B:B,"MISSING") -> Rohit Sen | L11: =_xlfn.XLOOKUP(D11,Products!A:A,Products!B:B,"MISSING") -> Mobile
A12: 1011 | B12: 24-Nov-2024 | C12: C106 | D12: P204 | E12: 3 | F12: =_xlfn.XLOOKUP(C12,Customers!A:A,Customers!C:C,"MISSING") -> Hyderabad | G12: =_xlfn.XLOOKUP(D12,Products!A:A,Products!C:C,"MISSING") -> Furniture | H12: =_xlfn.XLOOKUP(D12,Products!A:A,Products!D:D,"MISSING") -> 3000 | I12: =TEXT(B12,"mmm") -> Nov | J12: =E12*H12 -> 9000 | K12: =_xlfn.XLOOKUP(C12,Customers!A:A,Customers!B:B,"MISSING") -> Rahul Sharma | L12: =_xlfn.XLOOKUP(D12,Products!A:A,Products!B:B,"MISSING") -> Chair
A13: 1012 | B13: 27-Jun-2024 | C13: C163 | D13: P206 | E13: 1 | F13: =_xlfn.XLOOKUP(C13,Customers!A:A,Customers!C:C,"MISSING") -> Lucknow | G13: =_xlfn.XLOOKUP(D13,Products!A:A,Products!C:C,"MISSING") -> Furniture | H13: =_xlfn.XLOOKUP(D13,Products!A:A,Products!D:D,"MISSING") -> 25000 | I13: =TEXT(B13,"mmm") -> Jun | J13: =E13*H13 -> 25000 | K13: =_xlfn.XLOOKUP(C13,Customers!A:A,Customers!B:B,"MISSING") -> Ankit Roy | L13: =_xlfn.XLOOKUP(D13,Products!A:A,Products!B:B,"MISSING") -> Sofa
... A501: 1500 | B501: 29-Nov-2024 | C501: C181 | D501: P206 | E501: 2 | F501: =_xlfn.XLOOKUP(C501,Customers!A:A,Customers!C:C,"MISSING") -> Lucknow | G501: =_xlfn.XLOOKUP(D501,Products!A:A,Products!C:C,"MISSING") -> Furniture | H501: =_xlfn.XLOOKUP(D501,Products!A:A,Products!D:D,"MISSING") -> 25000 | I501: =TEXT(B501,"mmm") -> Nov | J501: =E501*H501 -> 50000 | K501: =_xlfn.XLOOKUP(C501,Customers!A:A,Customers!B:B,"MISSING") -> Manav Arora | L501: =_xlfn.XLOOKUP(D501,Products!A:A,Products!B:B,"MISSING") -> Sofa
